PointName,X,Y,Z
Root,-7.92119045383752,6.055880569930235,-6.805468559265137
MCP,25.175310110264846,106.6576181109281,-20.019886601374363
PIP,30.889005697505986,124.0252459283611,-22.30119008567846
DIP,36.20581286256655,140.18647233776795,-24.42402819033889
End,43.8690044103299,163.47988317198346,-27.48370564635181
