PointName,X,Y,Z
Root,-7.988461851590211,-0.6567259804182193,-6.805468499660492
MCP,4.905023482332524,114.89160822204184,-23.62973022460937
PIP,7.697850232391058,139.92025411007754,-27.27399296494071
DIP,10.542215916207637,165.4107796053785,-30.985507071998217
End,13.832928215023124,194.90135679378827,-35.2794433927786
