PointName,X,Y,Z
Root,-7.92119045383752,6.055880569930235,-6.805468559265137
MCP,-12.352303829580253,92.21282469101328,-22.493410337069903
PIP,-13.462505099224822,113.7991712005719,-26.42397392300153
DIP,-14.56435145263185,135.22306778155166,-30.32495771072476
End,-15.69427032459702,157.1927961225564,-34.3253296204282
