PointName,X,Y,Z
Root,-10.276612487575791,6.396308071004163,-6.805468329361471
MCP,22.879165170011873,100.15201641369683,-19.48164444538553
PIP,28.60309420374128,116.33776318166,-21.670027214039205
DIP,33.92942397300455,131.39920512825742,-23.70639912196071
End,41.60634058879715,153.10748060997298,-26.641451590185603
