PointName,X,Y,Z
Root,-7.988461851590211,-0.6567259804182193,-6.805468499660492
MCP,-17.394921078500364,118.7826431925158,-23.581302642822266
PIP,-19.751679322093057,148.7077947418398,-27.784434177899072
DIP,-22.090701576495558,178.4077419598173,-31.95593468095393
End,-24.489316754577104,208.86437573111903,-36.23371545160254
