PointName,X,Y,Z
Root,-10.276612487575791,6.396308071004163,-6.805468329361471
MCP,-20.67395578418501,109.93277863069444,-23.58130210579344
PIP,-23.278976859027445,135.87350984717315,-27.784433548987263
DIP,-25.864393621145297,161.61902183414796,-31.95593396085062
End,-28.515680874017743,188.02047043225588,-36.23371463798438
