PointName,X,Y,Z
Root,-7.92119045383752,6.055880569930235,-6.805468559265137
MCP,5.729052646841286,86.43175616219948,-23.81778907775879
PIP,8.685798870926776,103.84178065130101,-27.502786779630256
DIP,11.697109005136408,121.57309041126688,-31.255787572796702
End,15.18096319117586,142.0868518566428,-35.59772079812158
