PointName,X,Y,Z
Root,-7.92119045383752,6.055880569930235,-6.805468559265137
MCP,-32.48698212945921,90.56435819534406,-12.01957106590271
PIP,-38.08047523366781,109.80646498704208,-13.206792988184846
DIP,-43.49425027523705,128.4303258831473,-14.355869654931585
End,-49.41382976114182,148.79419842354983,-15.612303587257328
