PointName,X,Y,Z
Root,-7.92119045383752,6.055880569930235,-6.805468559265137
MCP,-17.62373075767699,119.72070285698494,-23.360717249388568
PIP,-20.054671167161473,148.1990601718349,-27.508581805432765
DIP,-22.46731732311281,176.4631011312149,-31.625231245913717
End,-24.941432170935514,205.447245044974,-35.84676347468718
