PointName,X,Y,Z
Root,-7.92119045383752,6.055880569930235,-6.805468559265137
MCP,-15.749808477858789,92.17530808371336,-23.360717773437504
PIP,-17.711243659682353,113.75225492742612,-27.508582460780485
DIP,-19.65791789040851,135.16682258056306,-31.625232031572118
End,-21.65418891682196,157.12698431403473,-35.84676439397628
