PointName,X,Y,Z
Root,-7.92119045383752,6.055880569930235,-6.805468559265137
MCP,5.814572283347847,114.50867362508173,-23.817788341632667
PIP,8.789842709563729,138.00037146461676,-27.50278588405363
DIP,11.820018892252257,161.92558601219335,-31.25578651482707
End,15.325699645147294,189.60521884262045,-35.59771955227573
