PointName,X,Y,Z
Root,-7.92119045383752,6.055880569930235,-6.805468559265137
MCP,3.7430097453985525,87.9393583764701,-23.81778907775879
PIP,6.269564008329844,105.67594094381171,-27.502786779630256
DIP,8.842743402157849,123.73983509752836,-31.255787572796706
End,11.819714023940401,144.638371103059,-35.59772079812158
