PointName,X,Y,Z
Root,-7.92119045383752,6.055880569930235,-6.805468559265137
MCP,19.988277868326342,78.0615106712369,-20.019885540008545
PIP,24.806497416514976,90.49237931154846,-22.30118884108115
DIP,29.29003067891855,102.05976690607167,-24.424026775237834
End,35.75221242332183,118.7320109977084,-27.483703985501222
