PointName,X,Y,Z
Root,-7.988461851590211,-0.6567259804182193,-6.805468499660492
MCP,-42.50607782431381,118.46356962046099,-11.719425201416016
PIP,-50.36554555352812,145.58659340951402,-12.838305605865818
DIP,-57.97248980817013,171.83815866675582,-13.92123655710872
End,-66.29014446031977,200.54238556507462,-15.105344835418464
