PointName,X,Y,Z
Root,-7.92119045383752,6.055880569930235,-6.805468559265137
MCP,18.45701171508633,79.68480558065097,-20.019886016845703
PIP,23.01087737348189,92.39591572089833,-22.30118940023826
DIP,27.248419467139616,104.22407849884803,-24.424027410996736
End,33.35605055987634,121.27218165767695,-27.4837047316674
