PointName,X,Y,Z
Root,-10.276612487575791,6.396308071004163,-6.805468329361471
MCP,-44.77583092275904,109.60136049225936,-11.719424761716477
PIP,-52.63110963577044,133.10057259421046,-12.838305104825288
DIP,-60.233999466648,155.8447586696994,-13.921235996698078
End,-68.54722089363423,180.71391490213853,-15.105344210090813
